시군구코드,시군구명,기준분기,유동인구,유동_남,유동_여,유동_10,유동_20,유동_30,유동_40,유동_50,유동_60이상,상주인구,총가구수,아파트가구,비아파트가구,직장인구
11110,종로구,20211,64341966,32084260,32257707,6750164,10996368,10266307,10820314,10731882,14776945,149349,74935,0,74935,230940
11110,종로구,20212,66739797,32968072,33771719,7098893,11720636,10678715,11083834,11079747,15077975,149349,74935,0,74935,230940
11110,종로구,20213,63583792,31407945,32175848,6623088,11124807,10078630,10606217,10602007,14549039,149349,74935,0,74935,230940
11110,종로구,20214,66974982,32910426,34064552,7045719,12130183,10604205,11097773,11063133,15033966,149349,74935,0,74935,227519
11110,종로구,20221,64579682,31689128,32890557,6860850,11763850,10101696,10601331,10701306,14550652,149349,74935,0,74935,227519
11110,종로구,20222,70354415,34131245,36223170,7750006,13041988,11015007,11422652,11418880,15705878,149349,74935,0,74935,227519
11110,종로구,20223,67884631,32832817,35051813,7368557,12763870,10681739,10989425,11031685,15049353,149349,74935,0,74935,227519
11110,종로구,20224,69870496,33692276,36178229,7706980,13262216,10942025,11234256,11377644,15347397,142900,74935,0,74935,219782
11110,종로구,20231,68350496,33052312,35298186,7213192,12856265,10872253,11088713,11262700,15057375,142900,74935,0,74935,219782
11110,종로구,20232,69035531,33128181,35907353,7669485,13261872,10882907,10996272,11248243,14976752,142900,74935,0,74935,219782
11110,종로구,20233,66318126,31968455,34349674,7091842,12461662,10692465,10722141,10941342,14408681,142900,74935,0,74935,219782
11110,종로구,20234,68732341,33030682,35701659,7553857,13333355,10921238,10999782,11206997,14717116,138891,71657,0,71657,216663
11110,종로구,20241,66649987,32157568,34492411,7028073,12526192,10722866,10878828,10983374,14510654,138891,71657,0,71657,216663
11110,종로구,20242,68281097,32607375,35673721,7561586,13505422,10845643,10877352,10937620,14553468,138891,71657,0,71657,216663
11110,종로구,20243,65170670,31348671,33822001,6858677,12504657,10536978,10581461,10589048,14099850,138891,71657,0,71657,216663
11110,종로구,20244,67784321,32394266,35390056,7312618,13379614,10778712,10895274,10879709,14538389,138891,71657,0,71657,223590
11110,종로구,20251,65283407,31449217,33834184,6740486,12349205,10559995,10691377,10640574,14301767,138891,71657,0,71657,223590
11110,종로구,20252,67472409,32057727,35414681,7279966,13321065,10840236,10899369,10803764,14328016,138891,71657,0,71657,223590
11110,종로구,20253,64498614,30858171,33640444,6514905,12309189,10612718,10687446,10527053,13847303,138891,71657,0,71657,223590
11110,종로구,20254,65802111,31327875,34474236,6861807,12986538,10581366,10717256,10588019,14067120,138891,71657,0,71657,223590
11110,종로구,20261,64461665,30837315,33624355,6576268,12173215,10546859,10718492,10548175,13898654,138891,71657,0,71657,223590
11140,중구,20211,56500463,28457284,28043183,4392558,9055209,11255401,10366849,9362791,12067661,124888,63375,0,63375,417576
11140,중구,20212,58504066,29290335,29213727,4622555,9477522,11698131,10717348,9666346,12322166,124888,63375,0,63375,417576
11140,중구,20213,54994357,27589993,27404360,4348149,8963295,10968519,9985663,9105696,11623028,124888,63375,0,63375,417576
11140,중구,20214,57926597,28988601,28937993,4518554,9679804,11638886,10610961,9559449,11918939,124888,63375,0,63375,420043
11140,중구,20221,56147459,28135597,28011862,4533646,9421690,11181599,10272265,9203238,11535018,124888,63375,0,63375,420043
11140,중구,20222,60761913,30200849,30561064,5118433,10291874,12080989,11083448,9877068,12310102,124888,63375,0,63375,420043
11140,중구,20223,58602928,29153024,29449902,4872097,9967811,11713484,10664462,9536570,11848504,124888,63375,0,63375,420043
11140,중구,20224,60436325,30007239,30429089,5073245,10315347,12085216,10949996,9807214,12205305,121446,63375,0,63375,397274
11140,중구,20231,59566014,29553437,30012577,4885396,10037184,12023874,10882558,9693166,12043837,121446,63375,0,63375,397274
11140,중구,20232,60438347,29766993,30671358,5216597,10179948,12166572,10948944,9789619,12136671,121446,63375,0,63375,397274
11140,중구,20233,58458195,28777884,29680309,4755223,9817077,11937346,10708083,9514892,11725574,121446,63375,0,63375,397274
11140,중구,20234,60590180,29720255,30869922,5103462,10307292,12192769,11016990,9846734,12122927,120961,64443,0,64443,436998
11140,중구,20241,59082215,29001288,30080927,4902800,9926838,11967680,10812800,9598824,11873271,120961,64443,0,64443,436998
11140,중구,20242,59244433,28865500,30378932,4853259,10128282,11965381,10847120,9568422,11881972,120961,64443,0,64443,436998
11140,중구,20243,56925213,27823131,29102088,4503132,9654630,11624294,10525395,9247614,11370148,120961,64443,0,64443,436998
11140,중구,20244,59119567,28700761,30418811,4659522,10146072,12014883,10896205,9521019,11881862,120961,64443,0,64443,406487
11140,중구,20251,57130039,27839452,29290587,4432783,9614345,11684003,10567895,9227514,11603494,120961,64443,0,64443,406487
11140,중구,20252,57720987,28003301,29717687,4614651,9859105,11640831,10633829,9308081,11664494,120961,64443,0,64443,406487
11140,중구,20253,57148488,27695258,29453231,4452936,9637748,11612702,10699209,9267110,11478780,120961,64443,0,64443,406487
11140,중구,20254,56968369,27590703,29377666,4667494,9641107,11318360,10566083,9179908,11595419,120961,64443,0,64443,406487
11140,중구,20261,56038066,27216118,28821952,4596816,9307358,11191084,10510787,9077859,11354155,120961,64443,0,64443,406487
11170,용산구,20211,65905119,31663624,34241492,7780124,10258509,13116124,11614117,9376355,13759886,229381,112556,0,112556,147559
11170,용산구,20212,66133737,31646770,34486967,7900468,10540191,13310126,11535546,9345126,13502283,229381,112556,0,112556,147559
11170,용산구,20213,64697737,30902648,33795092,7690925,10069113,12963036,11259752,9276575,13438335,229381,112556,0,112556,147559
11170,용산구,20214,65725591,31362456,34363132,7920064,10447888,13213391,11393620,9343991,13406640,229381,112556,0,112556,150730
11170,용산구,20221,65112293,31122415,33989879,7931379,10194417,13073003,11279175,9288925,13345398,229381,112556,0,112556,150730
11170,용산구,20222,66417296,31709825,34707473,8317036,10762410,13347676,11433306,9315565,13241302,229381,112556,0,112556,150730
11170,용산구,20223,64632069,30907044,33725019,7881278,10534719,13037472,11226851,9123892,12827857,229381,112556,0,112556,150730
11170,용산구,20224,64038330,30516933,33521395,7786471,10309948,12955694,11230253,9127876,12628090,219681,112556,0,112556,148971
11170,용산구,20231,63770564,30403537,33367025,7591375,10089608,12979855,11221436,9170707,12717588,219681,112556,0,112556,148971
11170,용산구,20232,63775628,30357713,33417916,7775149,10229264,12935910,11196719,9116399,12522185,219681,112556,0,112556,148971
11170,용산구,20233,63238611,30185549,33053064,7587996,10118988,12777199,11136781,9076375,12541279,219681,112556,0,112556,148971
11170,용산구,20234,63716168,30383076,33333089,7745803,10140985,12799543,11319445,9160019,12550378,212914,107664,0,107664,137129
11170,용산구,20241,62142113,29670425,32471686,7429036,9812039,12530095,11114775,8959226,12296942,212914,107664,0,107664,137129
11170,용산구,20242,59713446,28394357,31319088,7380158,9592076,12117540,10682667,8477843,11463156,212914,107664,0,107664,137129
11170,용산구,20243,58581056,27980448,30600605,7185504,9348724,11870028,10502582,8408973,11265239,212914,107664,0,107664,137129
11170,용산구,20244,59598747,28316072,31282671,7283543,9672780,12050182,10694682,8552441,11345119,212914,107664,0,107664,176024
11170,용산구,20251,58778309,28039600,30738713,7001467,9406917,11864252,10644524,8516659,11344491,212914,107664,0,107664,176024
11170,용산구,20252,58440221,27777963,30662254,7265772,9518475,11709240,10528867,8414789,11003078,212914,107664,0,107664,176024
11170,용산구,20253,57930858,27663361,30267494,7120453,9482491,11673533,10435726,8339559,10879091,212914,107664,0,107664,176024
11170,용산구,20254,57452824,27319123,30133706,7123363,9299871,11504245,10390369,8319183,10815797,212914,107664,0,107664,176024
11170,용산구,20261,57722763,27370953,30351817,7122491,9232238,11600295,10511118,8426229,10830393,212914,107664,0,107664,176024
11200,성동구,20211,76432708,36421250,40011459,10528767,12417978,13812029,12414177,11179522,16080239,293523,135787,0,135787,60126
11200,성동구,20212,77070227,36616282,40453943,10692151,13001490,13927557,12491958,11189582,15767483,293523,135787,0,135787,60126
11200,성동구,20213,75172964,35772238,39400724,10365719,12405685,13570782,12238919,11060752,15531109,293523,135787,0,135787,60126
11200,성동구,20214,75874853,36137073,39737780,10354148,12889688,13703735,12278263,11116967,15532049,293523,135787,0,135787,62764
11200,성동구,20221,75380061,35900321,39479739,10318918,12633883,13628310,12246750,11022952,15529259,293523,135787,0,135787,62764
11200,성동구,20222,75781816,35831947,39949868,10419052,13274094,13661574,12225802,10910001,15291297,293523,135787,0,135787,62764
11200,성동구,20223,73895919,34924950,38970976,10062994,12824776,13353318,11912565,10739196,15003067,293523,135787,0,135787,62764
11200,성동구,20224,74636031,35196510,39439522,10079489,13243654,13483681,12056820,10744284,15028103,286321,135787,0,135787,60887
11200,성동구,20231,74270973,35058350,39212625,9924434,12988552,13466059,12061988,10793954,15035989,286321,135787,0,135787,60887
11200,성동구,20232,73197585,34538016,38659572,9735464,13226313,13262683,11939970,10546443,14486711,286321,135787,0,135787,60887
11200,성동구,20233,72712899,34346497,38366402,9607013,12758154,13199894,11952423,10618830,14576588,286321,135787,0,135787,60887
11200,성동구,20234,74398168,35165031,39233135,9872429,13234024,13518826,12234380,10840870,14697632,276723,132568,0,132568,77165
11200,성동구,20241,74772054,35395297,39376762,9913697,12920450,13621013,12361874,11035936,14919092,276723,132568,0,132568,77165
11200,성동구,20242,73792488,34698230,39094259,9745549,13285381,13524534,12092292,10736586,14408138,276723,132568,0,132568,77165
11200,성동구,20243,72164704,33974857,38189843,9489158,12530819,13228511,11916689,10655521,14344003,276723,132568,0,132568,77165
11200,성동구,20244,73277029,34468611,38808414,9643335,13092410,13464615,12073259,10657934,14345483,276723,132568,0,132568,73657
11200,성동구,20251,72864405,34416141,38448267,9677545,12626336,13405324,12063127,10676575,14415489,276723,132568,0,132568,73657
11200,성동구,20252,72624909,34136412,38488501,9683180,13126555,13379883,11958498,10500163,13976631,276723,132568,0,132568,73657
11200,성동구,20253,71779645,33701168,38078482,9557401,12715714,13355505,11896127,10423949,13830955,276723,132568,0,132568,73657
11200,성동구,20254,72868640,34164323,38704317,9813713,13070776,13491188,12053500,10510688,13928781,276723,132568,0,132568,73657
11200,성동구,20261,73427813,34464577,38963231,9970633,12789706,13699668,12286897,10613474,14067435,276723,132568,0,132568,73657
11215,광진구,20211,95233549,44444468,50789079,13824048,17444027,16096368,14651426,13959359,19258329,346546,167243,0,167243,51301
11215,광진구,20212,93795853,43625829,50170028,13756945,17614722,15771708,14363002,13626337,18663133,346546,167243,0,167243,51301
11215,광진구,20213,91874428,42784207,49090221,13202623,17103658,15564066,14089432,13525696,18388946,346546,167243,0,167243,51301
11215,광진구,20214,92811163,43237666,49573491,13451535,17661540,15682309,14183970,13531614,18300193,346546,167243,0,167243,51212
11215,광진구,20221,94688579,44189303,50499275,13683049,17907890,16060359,14492725,13800623,18743931,346546,167243,0,167243,51212
11215,광진구,20222,94990470,44155079,50835395,14061043,18511878,15848084,14427723,13587913,18553825,346546,167243,0,167243,51212
11215,광진구,20223,92114048,42890039,49224006,13345097,17773767,15456074,14042107,13341361,18155638,346546,167243,0,167243,51212
11215,광진구,20224,92150892,42824059,49326830,13440357,17952954,15499916,13947361,13284460,18025841,341566,167243,0,167243,51522
11215,광진구,20231,92762591,43252760,49509833,13717692,17679262,15679505,14081054,13365233,18239845,341566,167243,0,167243,51522
11215,광진구,20232,92598965,43026561,49572401,13874030,18261297,15603410,13979520,13047552,17833145,341566,167243,0,167243,51522
11215,광진구,20233,91012371,42323568,48688800,13493084,17471105,15269781,13881226,12955388,17941791,341566,167243,0,167243,51522
11215,광진구,20234,93233645,43391653,49841990,13757037,18290576,15569996,14147910,13221855,18246273,334942,169703,0,169703,40300
11215,광진구,20241,93274091,43568085,49706005,13920736,17694725,15593698,14230489,13321181,18513262,334942,169703,0,169703,40300
11215,광진구,20242,92118930,42824948,49293983,13892247,18245700,15363717,13912065,12900396,17804798,334942,169703,0,169703,40300
11215,광진구,20243,90112232,42026134,48086091,13354741,17151006,15041055,13829727,12937819,17797884,334942,169703,0,169703,40300
11215,광진구,20244,91857301,42836298,49021004,13619331,18175712,15260210,14056196,12976208,17769644,334942,169703,0,169703,56058
11215,광진구,20251,90391277,42171530,48219746,13414495,17208176,15144278,13934285,12861283,17828755,334942,169703,0,169703,56058
11215,광진구,20252,90024787,41732417,48292368,13634164,17901880,15023916,13726678,12530878,17207267,334942,169703,0,169703,56058
11215,광진구,20253,88047147,40721454,47325692,13182561,16955073,14836007,13566032,12351836,17155647,334942,169703,0,169703,56058
11215,광진구,20254,88459442,40890227,47569215,13125157,17528196,14807740,13583313,12265657,17149371,334942,169703,0,169703,56058
11215,광진구,20261,88590863,41062704,47528158,13244185,16926672,14937135,13735659,12395422,17351791,334942,169703,0,169703,56058
11230,동대문구,20211,105983898,51004377,54979526,14052860,19042112,15597812,15507580,15381917,26401622,342588,167339,0,167339,51902
11230,동대문구,20212,105932469,50785583,55146887,14348054,19774888,15501485,15325835,15149315,25832890,342588,167339,0,167339,51902
11230,동대문구,20213,103450242,49673355,53776887,13388300,19019092,15373255,15144601,14980723,25544275,342588,167339,0,167339,51902
11230,동대문구,20214,105445660,50481373,54964288,13734772,20475501,15437486,15240615,15084313,25472975,342588,167339,0,167339,52406
11230,동대문구,20221,105728949,50640912,55088038,13828170,20132691,15619367,15367255,15220388,25561084,342588,167339,0,167339,52406
11230,동대문구,20222,108112197,51445325,56666873,14586664,21817648,15555400,15389287,15186018,25577180,342588,167339,0,167339,52406
11230,동대문구,20223,104248006,49618545,54629461,13587234,20933298,15160494,15085652,14761990,24719339,342588,167339,0,167339,52406
11230,동대문구,20224,106753457,50512629,56240824,13932318,22815688,15356520,15326647,14779851,24542430,323173,167339,0,167339,51389
11230,동대문구,20231,105938882,50332750,55606134,13841773,21472314,15300776,15548078,14964803,24811135,323173,167339,0,167339,51389
11230,동대문구,20232,107562233,50837084,56725151,14396447,23478993,15239908,15460053,14823333,24163507,323173,167339,0,167339,51389
11230,동대문구,20233,103704518,49274218,54430302,13595039,20977740,15031007,15303153,14775211,24022374,323173,167339,0,167339,51389
11230,동대문구,20234,107548395,50738797,56809598,14109932,23423760,15303911,15612585,14995924,24102282,340101,171946,0,171946,53565
11230,동대문구,20241,104940345,49788229,55152117,13883272,20968283,15245476,15613438,15029182,24200698,340101,171946,0,171946,53565
11230,동대문구,20242,106517526,50204112,56313413,14344617,23274268,15154649,15403803,14786635,23553552,340101,171946,0,171946,53565
11230,동대문구,20243,102087425,48442242,53645181,13152801,20730122,14954181,15237437,14618258,23394626,340101,171946,0,171946,53565
11230,동대문구,20244,104589726,49287445,55302280,13344963,23024181,14928569,15351998,14633061,23306953,340101,171946,0,171946,50705
11230,동대문구,20251,102586478,48642064,53944407,13401191,20746748,14976209,15394909,14728732,23338691,340101,171946,0,171946,50705
11230,동대문구,20252,104106301,48826563,55279744,13945120,22993288,15090885,15186863,14448211,22441937,340101,171946,0,171946,50705
11230,동대문구,20253,101275437,47535292,53740149,13295908,20782855,15275598,15132670,14431421,22356987,340101,171946,0,171946,50705
11230,동대문구,20254,104514742,48721986,55792753,13803332,22666564,15574880,15429577,14541442,22498940,340101,171946,0,171946,50705
11230,동대문구,20261,105885188,49583543,56301644,14408203,21070874,16335628,16105678,15015617,22949199,340101,171946,0,171946,50705
11260,중랑구,20211,105509836,49302433,56207413,14884855,14165526,16069167,15611126,17586476,27192693,394574,185787,0,185787,22209
11260,중랑구,20212,102641797,47797955,54843839,14519362,13866848,15561993,15251137,17047290,26395163,394574,185787,0,185787,22209
11260,중랑구,20213,102126986,47673059,54453926,14218400,13785851,15600032,15195456,17046227,26281019,394574,185787,0,185787,22209
11260,중랑구,20214,101138503,47229539,53908968,14053745,13484964,15417450,15087313,16877725,26217308,394574,185787,0,185787,21341
11260,중랑구,20221,102401239,48031076,54370167,13976628,13666474,15765076,15298266,17121160,26573634,394574,185787,0,185787,21341
11260,중랑구,20222,100756173,47046034,53710136,13873766,13379132,15472032,15088412,16825841,26116992,394574,185787,0,185787,21341
11260,중랑구,20223,98199864,45994876,52204983,13482427,13026972,15123374,14699357,16452037,25415696,394574,185787,0,185787,21341
11260,중랑구,20224,97958499,45931640,52026862,13602386,12917255,15158415,14673900,16365198,25241352,393628,185787,0,185787,20847
11260,중랑구,20231,98823558,46422575,52400986,13789666,13026911,15273990,14755627,16497000,25480367,393628,185787,0,185787,20847
11260,중랑구,20232,96598353,45256355,51341994,13385099,12845343,15092263,14495369,16048720,24731557,393628,185787,0,185787,20847
11260,중랑구,20233,96677469,45293069,51384400,13426705,12775366,15096455,14564896,16008977,24805069,393628,185787,0,185787,20847
11260,중랑구,20234,97500882,45839887,51660992,13678710,12692469,15213215,14775557,16154648,24986282,381547,187708,0,187708,18587
11260,중랑구,20241,97869226,46035300,51833928,13567527,12803678,15244734,14782375,16193016,25277906,381547,187708,0,187708,18587
11260,중랑구,20242,93747281,43914759,49832518,12853940,12423245,14744437,14171622,15405587,24148452,381547,187708,0,187708,18587
11260,중랑구,20243,92572435,43369806,49202626,12519000,12232743,14576026,13969858,15182156,24092644,381547,187708,0,187708,18587
11260,중랑구,20244,93145934,43674815,49471119,12730047,12339682,14665078,14115309,15137651,24158174,381547,187708,0,187708,21334
11260,중랑구,20251,94470011,44450669,50019345,12774520,12440032,14892427,14360648,15361453,24640939,381547,187708,0,187708,21334
11260,중랑구,20252,92353986,43339866,49014120,12560329,12176861,14649800,14112331,14984431,23870225,381547,187708,0,187708,21334
11260,중랑구,20253,92447010,43242121,49204886,12556909,12142562,14653807,14105491,15022533,23965708,381547,187708,0,187708,21334
11260,중랑구,20254,92797391,43531653,49265737,12709730,12205480,14770449,14203949,15005886,23901892,381547,187708,0,187708,21334
11260,중랑구,20261,93507214,43845923,49661288,12764867,12305133,14984591,14385889,15080626,23986119,381547,187708,0,187708,21334
11290,성북구,20211,123706933,56638170,67068763,21298864,19797366,17132781,18869717,17704814,28903396,436692,195040,0,195040,64812
11290,성북구,20212,122030512,55650481,66380027,21368568,20147491,16776296,18443700,17310455,27984003,436692,195040,0,195040,64812
11290,성북구,20213,117697348,53855586,63841760,20107175,19153972,16438465,17976706,16979395,27041629,436692,195040,0,195040,64812
11290,성북구,20214,118748598,54225561,64523038,20526464,19971202,16504272,17961270,17032172,26753217,436692,195040,0,195040,63465
11290,성북구,20221,118067923,54154791,63913138,20282180,19518503,16552170,17965324,17149428,26600327,436692,195040,0,195040,63465
11290,성북구,20222,121460248,55420240,66040006,21525715,20961910,16714505,18153281,17359986,26744848,436692,195040,0,195040,63465
11290,성북구,20223,117868658,54128190,63740470,20511717,19911293,16312407,17764626,17148963,26219652,436692,195040,0,195040,63465
11290,성북구,20224,120387485,55046735,65340746,21123081,21317420,16493704,17999886,17296630,26156757,412357,195040,0,195040,61781
11290,성북구,20231,120107871,55020503,65087372,21220978,20355708,16518623,18017908,17531448,26463195,412357,195040,0,195040,61781
11290,성북구,20232,120785903,54876813,65909089,21520586,21589962,16315664,17885364,17423784,26050543,412357,195040,0,195040,61781
11290,성북구,20233,117624977,53656479,63968500,20398908,20030481,16078528,17744140,17394419,25978506,412357,195040,0,195040,61781
11290,성북구,20234,120888134,54987678,65900458,21137691,21567285,16315761,18059354,17703239,26104812,425160,196499,0,196499,54660
11290,성북구,20241,119590080,54752202,64837879,20801872,20221245,16210955,18136194,17822659,26397156,425160,196499,0,196499,54660
11290,성북구,20242,119610900,54317159,65293742,21043971,21721564,15966840,17826766,17406082,25645678,425160,196499,0,196499,54660
11290,성북구,20243,115541372,52786776,62754598,19758494,19830117,15600904,17587348,17268304,25496209,425160,196499,0,196499,54660
11290,성북구,20244,119072200,54245103,64827097,20505560,21721651,15906148,17779775,17513035,25646032,425160,196499,0,196499,68606
11290,성북구,20251,117929121,54016649,63912469,20220670,20259039,15924386,17771240,17715520,26038265,425160,196499,0,196499,68606
11290,성북구,20252,119802641,54534374,65268274,20853892,22065913,16035220,17707901,17713003,25426721,425160,196499,0,196499,68606
11290,성북구,20253,117599319,53648335,63950981,20009773,20749008,15973484,17514290,17803565,25549208,425160,196499,0,196499,68606
11290,성북구,20254,119898448,54473663,65424782,20355455,21963999,16230150,17684979,17969081,25694772,425160,196499,0,196499,68606
11290,성북구,20261,119201823,54309746,64892075,20465320,20824079,16309026,17767788,18087699,25747913,425160,196499,0,196499,68606
11305,강북구,20211,102521577,47169537,55352039,14295951,13944380,13074599,15302991,16398606,29505049,308115,145867,0,145867,16340
11305,강북구,20212,99996536,45815549,54180986,13970705,13694705,12699671,14930904,16047696,28652863,308115,145867,0,145867,16340
11305,강북구,20213,100374443,46266641,54107806,13956644,13549501,12897886,15014320,16129504,28826590,308115,145867,0,145867,16340
11305,강북구,20214,99016813,45585291,53431520,13785062,13364677,12732418,14830763,15940184,28363704,308115,145867,0,145867,16713
11305,강북구,20221,99870301,46297017,53573287,13781816,13594341,12870086,14951363,16196096,28476593,308115,145867,0,145867,16713
11305,강북구,20222,98541305,45333565,53207740,13959929,13567918,12495991,14707674,15949826,27859969,308115,145867,0,145867,16713
11305,강북구,20223,96872612,44758676,52113936,13574137,13422604,12317235,14473047,15758869,27326729,308115,145867,0,145867,16713
11305,강북구,20224,96763700,44601147,52162548,13731629,13561959,12296381,14391006,15708903,27073821,316990,145867,0,145867,15383
11305,강북구,20231,97300943,45007805,52293136,13756816,13530830,12400401,14512223,15846103,27254566,316990,145867,0,145867,15383
11305,강북구,20232,95336387,43885418,51450970,13610491,13472632,12224988,14159009,15516450,26352813,316990,145867,0,145867,15383
11305,강북구,20233,95208378,43959314,51249060,13431427,13406084,12246729,14110018,15548228,26465886,316990,145867,0,145867,15383
11305,강북구,20234,95197227,43912485,51284746,13674849,13474242,12235336,14119744,15515287,26177766,287918,143436,0,143436,17226
11305,강북구,20241,95668305,44300664,51367639,13572969,13344981,12323806,14276158,15674632,26475757,287918,143436,0,143436,17226
11305,강북구,20242,93656261,43035821,50620441,13274489,13240664,12017038,14005659,15366563,25751863,287918,143436,0,143436,17226
11305,강북구,20243,91978077,42439438,49538635,12737855,12884781,11705175,13819200,15186182,25644886,287918,143436,0,143436,17226
11305,강북구,20244,91622385,42019173,49603214,12718854,13026207,11651498,13809080,15081291,25335449,287918,143436,0,143436,14740
11305,강북구,20251,91794978,42365797,49429179,12567859,12917972,11768304,13794971,15203114,25542758,287918,143436,0,143436,14740
11305,강북구,20252,89655066,41073789,48581276,12383307,12855419,11509777,13476753,14808755,24621062,287918,143436,0,143436,14740
11305,강북구,20253,87341148,40013874,47327275,11945807,12433346,11178585,13043961,14553518,24185934,287918,143436,0,143436,14740
11305,강북구,20254,87372581,39973003,47399574,12077142,12574584,11180357,13053147,14513790,23973559,287918,143436,0,143436,14740
11305,강북구,20261,88068471,40441020,47627455,12221893,12547453,11270079,13227807,14727914,24073330,287918,143436,0,143436,14740
11320,도봉구,20211,68705742,31855277,36850468,10630905,8492834,8971439,10108200,11048311,19454063,325263,139077,0,139077,19769
11320,도봉구,20212,67014828,30957738,36057096,10444157,8337575,8690034,9860706,10728459,18953895,325263,139077,0,139077,19769
11320,도봉구,20213,66865957,30988047,35877910,10339278,8268807,8687664,9828725,10741938,18999544,325263,139077,0,139077,19769
11320,도봉구,20214,66425927,30689502,35736424,10344790,8152400,8624299,9736824,10697578,18870040,325263,139077,0,139077,20358
11320,도봉구,20221,66984664,31140590,35844076,10354405,8193755,8766850,9834102,10866877,18968678,325263,139077,0,139077,20358
11320,도봉구,20222,66497210,30827844,35669364,10523370,8018523,8640553,9743704,10723964,18847102,325263,139077,0,139077,20358
11320,도봉구,20223,64934301,30149800,34784497,10229726,7778613,8438941,9521855,10496665,18468499,325263,139077,0,139077,20358
11320,도봉구,20224,64574930,29895617,34679309,10303575,7701886,8399148,9500396,10381015,18288906,341355,139077,0,139077,19687
11320,도봉구,20231,64902963,30202104,34700856,10290923,7723726,8426210,9548058,10469828,18444228,341355,139077,0,139077,19687
11320,도봉구,20232,63347600,29288172,34059425,9985404,7645309,8222737,9294720,10308526,17890898,341355,139077,0,139077,19687
11320,도봉구,20233,62935824,29126972,33808854,9835629,7526177,8130094,9229223,10308886,17905814,341355,139077,0,139077,19687
11320,도봉구,20234,63548033,29403068,34144965,10018436,7588420,8198392,9343453,10419818,17979510,306437,137870,0,137870,19603
11320,도봉구,20241,63874165,29708001,34166167,9935247,7593086,8251751,9412828,10517521,18163738,306437,137870,0,137870,19603
11320,도봉구,20242,61564113,28375585,33188528,9493170,7397868,7994160,9083418,10118490,17477009,306437,137870,0,137870,19603
11320,도봉구,20243,62227971,28759831,33468133,9360210,7494671,8138061,9205797,10202854,17826372,306437,137870,0,137870,19603
11320,도봉구,20244,61436192,28369483,33066706,9330234,7450553,7998180,9071901,9993489,17591835,306437,137870,0,137870,20112
11320,도봉구,20251,62282365,28968312,33314057,9347692,7519520,8143947,9196357,10174746,17900098,306437,137870,0,137870,20112
11320,도봉구,20252,60927301,28130252,32797051,9203212,7424300,7932148,9035934,9962364,17369349,306437,137870,0,137870,20112
11320,도봉구,20253,60369809,27926849,32442961,9174941,7270660,7761468,8950421,9903483,17308845,306437,137870,0,137870,20112
11320,도봉구,20254,60391786,27977564,32414223,9261182,7269186,7811950,8981745,9853304,17214415,306437,137870,0,137870,20112
11320,도봉구,20261,61099851,28347136,32752711,9402568,7331838,7874839,9094738,9957674,17438196,306437,137870,0,137870,20112
11350,노원구,20211,105645763,48743200,56902563,19698958,14325796,12639526,16101672,16337739,26542074,523074,218211,0,218211,25505
11350,노원구,20212,104061747,47884488,56177256,19700000,14312351,12360993,15693543,15988204,26006662,523074,218211,0,218211,25505
11350,노원구,20213,102094644,46938505,55156142,18885627,13780308,12278195,15419927,15877199,25853387,523074,218211,0,218211,25505
11350,노원구,20214,100993228,46480193,54513035,18854682,13713823,12153609,15145877,15590263,25534971,523074,218211,0,218211,30225
11350,노원구,20221,100644464,46476510,54167957,18709730,13603754,12197163,15126460,15590357,25417012,523074,218211,0,218211,30225
11350,노원구,20222,99530578,45826053,53704527,18877022,13617240,11940911,14798267,15276259,25020888,523074,218211,0,218211,30225
11350,노원구,20223,96448693,44390544,52058151,17868854,13077625,11622810,14402046,15027469,24449887,523074,218211,0,218211,30225
11350,노원구,20224,96345409,44399578,51945837,17862660,13235054,11540975,14401528,14993655,24311538,555318,218211,0,218211,26897
11350,노원구,20231,96453859,44550732,51903125,17708961,13197616,11613845,14384561,15096075,24452798,555318,218211,0,218211,26897
11350,노원구,20232,94876843,43674796,51202042,17444013,13248980,11457196,14124627,14778819,23823207,555318,218211,0,218211,26897
11350,노원구,20233,95091505,43677469,51414031,17335241,13064370,11480209,14223957,14902943,24084790,555318,218211,0,218211,26897
11350,노원구,20234,96648246,44558748,52089498,17656784,13422549,11692408,14543081,15169158,24164266,498037,217800,0,217800,37810
11350,노원구,20241,96744301,44605886,52138418,17534258,13260372,11693191,14568930,15288335,24399222,498037,217800,0,217800,37810
11350,노원구,20242,94293307,43348270,50945038,17183498,13144895,11388343,14111758,14829639,23635172,498037,217800,0,217800,37810
11350,노원구,20243,92668426,42693626,49974801,16685862,12737365,11202359,13889955,14664791,23488090,498037,217800,0,217800,37810
11350,노원구,20244,92584228,42680787,49903444,16831139,12987342,11155361,13827520,14589944,23192916,498037,217800,0,217800,28109
11350,노원구,20251,93007607,43023076,49984534,16732149,12879149,11259670,13888098,14769533,23479015,498037,217800,0,217800,28109
11350,노원구,20252,91627466,42323773,49303693,16649076,12937218,11093440,13638230,14467868,22841639,498037,217800,0,217800,28109
11350,노원구,20253,90856875,41846239,49010641,16395265,12668175,11075664,13520760,14424044,22772972,498037,217800,0,217800,28109
11350,노원구,20254,90687808,41926732,48761075,16266923,12791371,11114303,13573059,14407931,22534221,498037,217800,0,217800,28109
11350,노원구,20261,91576368,42288020,49288349,16466238,12806199,11231453,13774029,14508804,22789645,498037,217800,0,217800,28109
11380,은평구,20211,104199523,47139284,57060234,16810161,13511631,15822726,16516568,15522344,26016084,479710,213749,0,213749,28230
11380,은평구,20212,101511868,45769347,55742524,16554673,13132958,15310920,16146078,15142057,25225188,479710,213749,0,213749,28230
11380,은평구,20213,101963339,46000232,55963102,16573511,13205361,15305804,16186300,15347456,25344902,479710,213749,0,213749,28230
11380,은평구,20214,101701883,45811114,55890767,16819156,12989487,15252607,16123911,15237677,25279046,479710,213749,0,213749,30418
11380,은평구,20221,103625414,46846107,56779300,16849350,13429931,15692746,16486645,15582721,25584011,479710,213749,0,213749,30418
11380,은평구,20222,101619409,45708031,55911375,16742081,13024452,15211398,16137674,15285358,25218440,479710,213749,0,213749,30418
11380,은평구,20223,99373462,44773486,54599980,16175172,12749315,14831358,15881436,15079114,24657071,479710,213749,0,213749,30418
11380,은평구,20224,99443890,44707980,54735911,16312243,12600574,14933083,15944044,15094217,24559727,457181,213749,0,213749,28626
11380,은평구,20231,100101063,45084392,55016664,16170548,12915658,15001873,16081285,15295776,24635914,457181,213749,0,213749,28626
11380,은평구,20232,98028050,43945586,54082460,15845867,12586867,14764523,15932739,14989869,23908184,457181,213749,0,213749,28626
11380,은평구,20233,98440424,44143584,54296844,15754354,12766052,14776934,15963637,15089686,24089774,457181,213749,0,213749,28626
11380,은평구,20234,99442931,44616230,54826703,15888748,12729857,14994048,16253732,15342149,24234396,466475,215511,0,215511,32416
11380,은평구,20241,99894420,44897796,54996621,15846282,12965401,14994948,16277585,15385428,24424774,466475,215511,0,215511,32416
11380,은평구,20242,97642667,43697511,53945156,15642406,12534327,14706955,15931476,14998182,23829323,466475,215511,0,215511,32416
11380,은평구,20243,97237400,43661057,53576342,15581742,12505084,14560779,15746556,14991830,23851409,466475,215511,0,215511,32416
11380,은평구,20244,96539242,43386187,53153058,15758193,12181448,14455485,15687200,14884948,23571974,466475,215511,0,215511,31146
11380,은평구,20251,97660656,44062302,53598348,15621599,12550869,14654526,15811239,15151006,23871416,466475,215511,0,215511,31146
11380,은평구,20252,95294176,42799572,52494603,15304223,12120008,14424035,15509320,14855286,23081303,466475,215511,0,215511,31146
11380,은평구,20253,94336230,42326553,52009677,15195510,12041775,14138380,15377064,14750371,22833124,466475,215511,0,215511,31146
11380,은평구,20254,93622293,42152008,51470273,15223321,11718339,14057913,15302760,14710016,22609943,466475,215511,0,215511,31146
11380,은평구,20261,94584762,42531705,52053057,15231169,11952084,14249595,15426371,14921732,22803805,466475,215511,0,215511,31146
11410,서대문구,20211,93719992,43332193,50387799,13297982,16252926,15556235,15217425,13539837,19855593,311889,144548,0,144548,35765
11410,서대문구,20212,94281515,43347022,50934493,13657570,16869112,15670197,15281295,13423333,19380009,311889,144548,0,144548,35765
11410,서대문구,20213,90399891,41500187,48899709,12863062,15906788,14882911,14669191,13151570,18926365,311889,144548,0,144548,35765
11410,서대문구,20214,93134304,42711242,50423059,13327320,16779139,15431839,15175221,13405240,19015557,311889,144548,0,144548,37458
11410,서대문구,20221,93514626,42946651,50567974,13446678,16666061,15426724,15251487,13539209,19184467,311889,144548,0,144548,37458
11410,서대문구,20222,95215685,43417510,51798178,14119307,17722238,15470899,15328200,13497936,19077106,311889,144548,0,144548,37458
11410,서대문구,20223,93373629,42606228,50767401,13484579,17340534,15282374,15143520,13379654,18742964,311889,144548,0,144548,37458
11410,서대문구,20224,94956259,43150594,51805673,13687721,18244486,15457195,15371175,13466570,18729122,298338,144548,0,144548,31520
11410,서대문구,20231,94579093,43163340,51415750,13568061,17500970,15574090,15589594,13559908,18786469,298338,144548,0,144548,31520
11410,서대문구,20232,94482662,42823295,51659370,13647013,18410794,15441807,15378762,13298109,18306187,298338,144548,0,144548,31520
11410,서대문구,20233,93385348,42584224,50801115,12900904,17472728,15524133,15545225,13417173,18525187,298338,144548,0,144548,31520
11410,서대문구,20234,96533352,43806282,52727067,13254794,18730213,15925297,15976505,13792723,18853821,305725,146397,0,146397,48901
11410,서대문구,20241,95331115,43590504,51740615,13051105,17634632,15928575,16064656,13857659,18794489,305725,146397,0,146397,48901
11410,서대문구,20242,94677158,42866531,51810625,13091894,18600547,15626942,15718435,13539439,18099899,305725,146397,0,146397,48901
11410,서대문구,20243,94664893,43222409,51442481,12595357,17881186,15913891,15969131,13927229,18378098,305725,146397,0,146397,48901
11410,서대문구,20244,95412426,43271223,52141209,12636066,18857945,15827915,15948912,13935979,18205617,305725,146397,0,146397,35863
11410,서대문구,20251,94373203,43013247,51359954,12741687,17475469,15723694,15953018,14100929,18378405,305725,146397,0,146397,35863
11410,서대문구,20252,94374780,42521110,51853671,12981206,18487058,15485328,15707933,13891923,17821331,305725,146397,0,146397,35863
11410,서대문구,20253,94513984,42760841,51753142,12662404,17739832,15847376,16093676,14243366,17927334,305725,146397,0,146397,35863
11410,서대문구,20254,99296329,44488034,54808299,13413014,19450959,16583896,16768512,14670818,18409122,305725,146397,0,146397,35863
11410,서대문구,20261,100020367,45115946,54904420,13480682,18628526,16938159,17287295,15018177,18667536,305725,146397,0,146397,35863
11440,마포구,20211,115538729,53233233,62305500,15988342,21873174,22453047,19730269,14908109,20585785,371747,178311,0,178311,110538
11440,마포구,20212,116426436,53446089,62980351,15953490,22782934,22774205,19872868,14874721,20168216,371747,178311,0,178311,110538
11440,마포구,20213,113070487,52008496,61061989,15452612,21647963,22064722,19494606,14661707,19748869,371747,178311,0,178311,110538
11440,마포구,20214,114118320,52361067,61757254,15594322,22588845,22295966,19529283,14608333,19501564,371747,178311,0,178311,112380
11440,마포구,20221,113723531,52200749,61522780,15786736,22146137,22195834,19474632,14583277,19536918,371747,178311,0,178311,112380
11440,마포구,20222,116619706,53431300,63188402,16297034,23717120,22708246,19705659,14703142,19488502,371747,178311,0,178311,112380
11440,마포구,20223,114899119,52580527,62318591,15884872,23464362,22358158,19383005,14595869,19212856,371747,178311,0,178311,112380
11440,마포구,20224,116023746,53094468,62929280,15696882,23861279,22637639,19714937,14752423,19360591,361271,178311,0,178311,105185
11440,마포구,20231,117260386,53598213,63662175,16139863,23721112,22904988,19944486,15022124,19527810,361271,178311,0,178311,105185
11440,마포구,20232,115686673,52732635,62954045,15801188,23896822,22653080,19703264,14727414,18904910,361271,178311,0,178311,105185
11440,마포구,20233,114208917,51943289,62265630,15602397,23219969,22337743,19445561,14666276,18936967,361271,178311,0,178311,105185
11440,마포구,20234,115857144,52722260,63134883,15890422,23759566,22548404,19670167,14922733,19065859,362701,180459,0,180459,109870
11440,마포구,20241,116341575,52868401,63473174,16194975,23261605,22518214,19824849,15196816,19345115,362701,180459,0,180459,109870
11440,마포구,20242,115154070,52054030,63100039,16025774,23486550,22344598,19606789,14922382,18767985,362701,180459,0,180459,109870
11440,마포구,20243,112474605,50850243,61624360,15766378,22519310,21748544,19160899,14755546,18523933,362701,180459,0,180459,109870
11440,마포구,20244,113763835,51418179,62345659,15937116,23167771,21900944,19405273,14888998,18463737,362701,180459,0,180459,120344
11440,마포구,20251,112964817,51162857,61801965,15984103,22493704,21661472,19375119,14939207,18511222,362701,180459,0,180459,120344
11440,마포구,20252,112137072,50618772,61518304,15988369,22737496,21456522,19309419,14741896,17903369,362701,180459,0,180459,120344
11440,마포구,20253,111447065,50366103,61080960,15886725,22343230,21315153,19291743,14759485,17850721,362701,180459,0,180459,120344
11440,마포구,20254,111236901,50312158,60924741,15883567,22332702,21107510,19154279,14842751,17916089,362701,180459,0,180459,120344
11440,마포구,20261,111700180,50507329,61192850,16137460,21863053,21277647,19334012,15151845,17936171,362701,180459,0,180459,120344
11470,양천구,20211,82706107,38729403,43976706,17317098,9785451,11362814,13719931,12422496,18098322,454239,180531,0,180531,74582
11470,양천구,20212,81181714,37909964,43271747,17269409,9504329,11160863,13484904,12081839,17680377,454239,180531,0,180531,74582
11470,양천구,20213,80663520,37713741,42949782,16990692,9562292,11113031,13414084,12049422,17534001,454239,180531,0,180531,74582
11470,양천구,20214,80009866,37481446,42528419,16903516,9288945,11055387,13437254,11916649,17408121,454239,180531,0,180531,78185
11470,양천구,20221,81001998,38077982,42924008,16928577,9495153,11296326,13609883,12117590,17554462,454239,180531,0,180531,78185
11470,양천구,20222,79748004,37319370,42428631,16902098,9153816,11042754,13389276,11947974,17312081,454239,180531,0,180531,78185
11470,양천구,20223,77194851,36155565,41039286,16258660,8913552,10671857,12945969,11610490,16794329,454239,180531,0,180531,78185
11470,양천구,20224,76551498,35824447,40727054,16168201,8589017,10612153,12907897,11574800,16699425,460203,180531,0,180531,73359
11470,양천구,20231,77922215,36530589,41391623,16517283,8882341,10695057,13093616,11754634,16979283,460203,180531,0,180531,73359
11470,양천구,20232,76633614,35905079,40728537,16290337,8537394,10574043,12988260,11540724,16702863,460203,180531,0,180531,73359
11470,양천구,20233,77265756,36218540,41047223,16385337,8712756,10554067,12967484,11627641,17018477,460203,180531,0,180531,73359
11470,양천구,20234,77616778,36431949,41184829,16579490,8436366,10586436,13111466,11757801,17145217,435645,180421,0,180421,73927
11470,양천구,20241,79543115,37301603,42241515,16881073,8893354,10737314,13388067,11983003,17660312,435645,180421,0,180421,73927
11470,양천구,20242,77140378,36072620,41067760,16563937,8424974,10441200,13039619,11580155,17090494,435645,180421,0,180421,73927
11470,양천구,20243,77403994,36321070,41082927,16669386,8626373,10340375,12883886,11654595,17229378,435645,180421,0,180421,73927
11470,양천구,20244,76779969,35995214,40784753,16637869,8283152,10297340,12881435,11627852,17052332,435645,180421,0,180421,85678
11470,양천구,20251,77467281,36425529,41041754,16673505,8594361,10319839,12950721,11713941,17214916,435645,180421,0,180421,85678
11470,양천구,20252,75024009,35102659,39921352,16172052,8178328,10058148,12679632,11357765,16578092,435645,180421,0,180421,85678
11470,양천구,20253,75339871,35162373,40177501,16330840,8333607,9966186,12699674,11345742,16663814,435645,180421,0,180421,85678
11470,양천구,20254,74564896,34837806,39727094,16008856,8058356,9912629,12689812,11320827,16574422,435645,180421,0,180421,85678
11470,양천구,20261,75372550,35264187,40108366,16215293,8241198,9983436,12894068,11366963,16671596,435645,180421,0,180421,85678
11500,강서구,20211,121269364,56924949,64344419,19365239,16772881,21813731,19285952,16605082,27426485,580372,266948,0,266948,69726
11500,강서구,20212,117812109,55244086,62568028,19107831,16330471,21131678,18888933,15950883,26402320,580372,266948,0,266948,69726
11500,강서구,20213,115864263,54414321,61449949,18654502,16120662,20847260,18653417,15677974,25910450,580372,266948,0,266948,69726
11500,강서구,20214,114843764,54041315,60802451,18496469,15928525,20763866,18641322,15463673,25549922,580372,266948,0,266948,72896
11500,강서구,20221,116254724,54758529,61496199,18411055,16270749,21271234,18910097,15573486,25818114,580372,266948,0,266948,72896
11500,강서구,20222,114409174,53777004,60632173,18388463,15802846,20876287,18695807,15318541,25327231,580372,266948,0,266948,72896
11500,강서구,20223,113206813,53188267,60018542,18120903,15691229,20630276,18604103,15214851,24945460,580372,266948,0,266948,72896
11500,강서구,20224,114441013,53694234,60746787,18351985,15677159,21034326,18892278,15307381,25177896,585027,266948,0,266948,58755
11500,강서구,20231,115242540,54016565,61225976,18285005,15880604,21146541,19037090,15472175,25421123,585027,266948,0,266948,58755
11500,강서구,20232,112643300,52689060,59954242,18024706,15445701,20730063,18688216,15168828,24585794,585027,266948,0,266948,58755
11500,강서구,20233,113105135,52939250,60165884,18125245,15564277,20527950,18796885,15233942,24856834,585027,266948,0,266948,58755
11500,강서구,20234,114009199,53474886,60534316,18427989,15366954,20644213,19061485,15498564,25009994,560995,273059,0,273059,63537
11500,강서구,20241,116166590,54496338,61670250,18614722,15824821,21001635,19378004,15801315,25546082,560995,273059,0,273059,63537
11500,강서구,20242,112518937,52752995,59765934,18060387,15211101,20425311,18854831,15344176,24623134,560995,273059,0,273059,63537
11500,강서구,20243,113248930,53139334,60109592,18078609,15395016,20378492,18960966,15530539,24905310,560995,273059,0,273059,63537
11500,강서구,20244,113675046,53301645,60373397,18372206,15185309,20560422,19229863,15551095,24776153,560995,273059,0,273059,73335
11500,강서구,20251,115288280,54068132,61220145,18575582,15580188,20821594,19473629,15736048,25101237,560995,273059,0,273059,73335
11500,강서구,20252,112983319,52862385,60120938,18343090,15256377,20497741,19154393,15430428,24301293,560995,273059,0,273059,73335
11500,강서구,20253,112570794,52470730,60100064,18435596,15320656,20233848,19076010,15443113,24061580,560995,273059,0,273059,73335
11500,강서구,20254,112084719,52325456,59759263,18397569,14852403,20127872,19176215,15521441,24009234,560995,273059,0,273059,73335
11500,강서구,20261,114205877,53362592,60843281,18703793,15176084,20558529,19654644,15830114,24282714,560995,273059,0,273059,73335
11530,구로구,20211,81043895,39277449,41766448,11565291,10489580,13405986,13653281,12581203,19348560,404412,180455,0,180455,117837
11530,구로구,20212,79459427,38443112,41016317,11408970,10303170,13135549,13356594,12385751,18869397,404412,180455,0,180455,117837
11530,구로구,20213,78520254,37988471,40531782,11175241,10006532,12960593,13250490,12385762,18741630,404412,180455,0,180455,117837
11530,구로구,20214,78698309,38069993,40628323,11203673,10002500,13141997,13268260,12416002,18665881,404412,180455,0,180455,126215
11530,구로구,20221,79909697,38792255,41117442,11290214,10122376,13405670,13473624,12726451,18891367,404412,180455,0,180455,126215
11530,구로구,20222,79076688,38200782,40875904,11256848,9993877,13194746,13340482,12569029,18721701,404412,180455,0,180455,126215
11530,구로구,20223,78260047,37799736,40460311,11041189,9810949,13065804,13297557,12560282,18484272,404412,180455,0,180455,126215
11530,구로구,20224,78583458,37982374,40601081,11030325,9823650,13252386,13453364,12606170,18417558,403550,180455,0,180455,121219
11530,구로구,20231,79623807,38469521,41154289,11212907,9976797,13416522,13557790,12763706,18696080,403550,180455,0,180455,121219
11530,구로구,20232,79078200,38237750,40840449,11176011,9866528,13399413,13461190,12708103,18466958,403550,180455,0,180455,121219
11530,구로구,20233,79531084,38568694,40962395,11127970,9880947,13427160,13513364,12789602,18792043,403550,180455,0,180455,121219
11530,구로구,20234,79774853,38645920,41128939,11314501,9701215,13331541,13591748,12873804,18962035,391809,183638,0,183638,128573
11530,구로구,20241,80975812,39220093,41755719,11519376,9830660,13468437,13771705,13029262,19356369,391809,183638,0,183638,128573
11530,구로구,20242,78481575,37913839,40567735,11209442,9565819,13117209,13266050,12662250,18660807,391809,183638,0,183638,128573
11530,구로구,20243,78504355,37911978,40592378,11333912,9478021,12972302,13201874,12760686,18757570,391809,183638,0,183638,128573
11530,구로구,20244,79273966,38134955,41139007,11545088,9570478,13105872,13397649,12852587,18802290,391809,183638,0,183638,122194
11530,구로구,20251,80112159,38509157,41603006,11615865,9752959,13233751,13527079,12976937,19005574,391809,183638,0,183638,122194
11530,구로구,20252,78640644,37636673,41003969,11370240,9698906,13066562,13346729,12711984,18446222,391809,183638,0,183638,122194
11530,구로구,20253,78811799,37632409,41179392,11422120,9808774,13130132,13368016,12730940,18351824,391809,183638,0,183638,122194
11530,구로구,20254,78779193,37719619,41059573,11433887,9625742,13060671,13431384,12822842,18404671,391809,183638,0,183638,122194
11530,구로구,20261,79329373,38022523,41306855,11475333,9719176,13184019,13487051,12957654,18506151,391809,183638,0,183638,122194
11545,금천구,20211,39182850,19286875,19895976,4555095,5787776,6842113,6156803,6495697,9345377,231723,114638,0,114638,119871
11545,금천구,20212,38547905,18987641,19560261,4381199,5744724,6828201,6136874,6378598,9078309,231723,114638,0,114638,119871
11545,금천구,20213,38609087,18996090,19612998,4260470,5758345,6829998,6147054,6453034,9160179,231723,114638,0,114638,119871
11545,금천구,20214,38748742,19021257,19727482,4299416,5784495,6882080,6191206,6460022,9131522,231723,114638,0,114638,119767
11545,금천구,20221,39028284,19273262,19755019,4359605,5886320,6937129,6171246,6538757,9135223,231723,114638,0,114638,119767
11545,금천구,20222,38465500,18970289,19495206,4292707,5785964,6857784,6118960,6427549,8982534,231723,114638,0,114638,119767
11545,금천구,20223,37867075,18721837,19145236,4220734,5649641,6825736,6001541,6343421,8826006,231723,114638,0,114638,119767
11545,금천구,20224,37700569,18615908,19084658,4268145,5507788,6845881,6001673,6294599,8782483,220070,114638,0,114638,119674
11545,금천구,20231,38374164,18974347,19399812,4401953,5589514,6938978,6135489,6367759,8940472,220070,114638,0,114638,119674
11545,금천구,20232,37217375,18419767,18797612,4113701,5416841,6820376,5991295,6220047,8655129,220070,114638,0,114638,119674
11545,금천구,20233,36612904,18100760,18512146,4058522,5292337,6628621,5875459,6159318,8598653,220070,114638,0,114638,119674
11545,금천구,20234,36226372,17902375,18323999,4024482,5110845,6558862,5870014,6114378,8547784,226388,119576,0,119576,119075
11545,금천구,20241,36794971,18235054,18559919,4140837,5232932,6602157,5942960,6158793,8717296,226388,119576,0,119576,119075
11545,금천구,20242,35396759,17432238,17964524,3999558,5069801,6419410,5721622,5894270,8292104,226388,119576,0,119576,119075
11545,금천구,20243,35725685,17637779,18087906,4044389,5142935,6433278,5759059,5938646,8407374,226388,119576,0,119576,119075
11545,금천구,20244,35468459,17509498,17958961,4032261,5090977,6422485,5736260,5861263,8325211,226388,119576,0,119576,131583
11545,금천구,20251,35629749,17693269,17936480,4146446,5119090,6410357,5686129,5861270,8406460,226388,119576,0,119576,131583
11545,금천구,20252,35205598,17435607,17769993,4090342,5033681,6424422,5678411,5739206,8239541,226388,119576,0,119576,131583
11545,금천구,20253,35114160,17387692,17726469,4106268,5021993,6397142,5640410,5730401,8217948,226388,119576,0,119576,131583
11545,금천구,20254,34646870,17161289,17485579,4043862,4831811,6298920,5616799,5660810,8194662,226388,119576,0,119576,131583
11545,금천구,20261,34978175,17298993,17679180,4082865,4901996,6374866,5688612,5682201,8247642,226388,119576,0,119576,131583
11560,영등포구,20211,108938037,53421319,55516723,13307625,16240148,20965160,18136050,16756614,23532451,379192,184488,0,184488,326367
11560,영등포구,20212,108599317,53106244,55493075,13302698,16315113,21014210,18146725,16744466,23076109,379192,184488,0,184488,326367
11560,영등포구,20213,106613711,52068658,54545051,13059917,15840346,20642375,17754882,16626586,22689607,379192,184488,0,184488,326367
11560,영등포구,20214,107849121,52677581,55171537,13162411,16057437,21073718,18049917,16793403,22712231,379192,184488,0,184488,329829
11560,영등포구,20221,109291933,53554253,55737676,13340232,16252631,21376330,18318285,17079338,22925122,379192,184488,0,184488,329829
11560,영등포구,20222,110057210,53784920,56272288,13491278,16384782,21453130,18519343,17074207,23134458,379192,184488,0,184488,329829
11560,영등포구,20223,109080246,53245990,55834262,13282668,16222838,21208047,18467235,16957873,22941598,379192,184488,0,184488,329829
11560,영등포구,20224,109321057,53252576,56068482,13359575,16104003,21351139,18627466,17006995,22871874,348870,184488,0,184488,324538
11560,영등포구,20231,110054513,53586363,56468156,13385768,16274650,21454772,18727182,17129870,23082270,348870,184488,0,184488,324538
11560,영등포구,20232,108158324,52649877,55508450,13104441,16072600,21169749,18489671,16746121,22575739,348870,184488,0,184488,324538
11560,영등포구,20233,108538802,52739607,55799195,13070320,16168471,21207006,18560292,16820530,22712186,348870,184488,0,184488,324538
11560,영등포구,20234,110261976,53586672,56675298,13265264,16240312,21498555,18941483,17122618,23193738,373300,189447,0,189447,342326
11560,영등포구,20241,110850418,53873907,56976513,13158203,16517495,21632267,18993639,17183337,23365478,373300,189447,0,189447,342326
11560,영등포구,20242,107613996,52157187,55456802,12745035,16142758,21211969,18556470,16523022,22434747,373300,189447,0,189447,342326
11560,영등포구,20243,107199141,51979811,55219325,12605257,16058111,21032769,18462342,16552017,22488652,373300,189447,0,189447,342326
11560,영등포구,20244,108064440,52226951,55837490,12834763,16169644,21306674,18592636,16572634,22588091,373300,189447,0,189447,400232
11560,영등포구,20251,108101614,52292160,55809452,12753332,16191817,21282661,18588648,16604296,22680860,373300,189447,0,189447,400232
11560,영등포구,20252,106790440,51554150,55236291,12608903,16063750,21226742,18452482,16298307,22140256,373300,189447,0,189447,400232
11560,영등포구,20253,106701741,51316711,55385037,12710822,16142531,21228140,18507227,16197754,21915266,373300,189447,0,189447,400232
11560,영등포구,20254,105483332,50839019,54644313,12895923,15484822,20772490,18331806,16141449,21856840,373300,189447,0,189447,400232
11560,영등포구,20261,107551420,51728360,55823058,13238892,15854646,21214294,18677104,16400766,22165720,373300,189447,0,189447,400232
11590,동작구,20211,87992563,41227426,46765136,12599936,15288907,14770127,13197711,11954806,20181068,391769,184294,0,184294,49741
11590,동작구,20212,86567729,40566500,46001226,12668607,15256783,14478917,12965836,11646834,19550750,391769,184294,0,184294,49741
11590,동작구,20213,85639362,40151361,45488002,12329239,14980620,14415180,12861960,11673063,19379307,391769,184294,0,184294,49741
11590,동작구,20214,85574568,40189694,45384871,12518884,15215565,14339941,12884516,11571347,19044309,391769,184294,0,184294,49986
11590,동작구,20221,86369337,40691390,45677948,12618988,15346588,14549523,13024790,11721701,19107759,391769,184294,0,184294,49986
11590,동작구,20222,86511158,40758475,45752685,13080166,15696664,14381120,12887023,11554474,18911715,391769,184294,0,184294,49986
11590,동작구,20223,84213195,39696435,44516765,12505297,15169838,14018056,12690395,11393852,18435756,391769,184294,0,184294,49986
11590,동작구,20224,86056191,40471391,45584803,12902423,15936476,14235542,12929990,11503713,18548050,381689,184294,0,184294,41380
11590,동작구,20231,86213516,40538032,45675481,12862305,15625282,14287734,12992291,11639488,18806410,381689,184294,0,184294,41380
11590,동작구,20232,83988361,39448559,44539799,12850290,15780071,13808782,12539011,11186293,17823919,381689,184294,0,184294,41380
11590,동작구,20233,81663331,38361290,43302036,12258213,14915581,13475671,12321002,11043132,17649732,381689,184294,0,184294,41380
11590,동작구,20234,81971606,38572320,43399292,12290254,15419224,13411302,12365943,11050950,17433946,377821,186078,0,186078,38169
11590,동작구,20241,82698134,38871398,43826739,12390009,15034149,13590588,12560152,11263266,17859970,377821,186078,0,186078,38169
11590,동작구,20242,81988903,38410346,43578557,12363233,15557186,13447906,12311539,11005550,17303494,377821,186078,0,186078,38169
11590,동작구,20243,80721288,37787450,42933835,11930378,14800839,13330158,12228708,11073280,17357932,377821,186078,0,186078,38169
11590,동작구,20244,81823206,38385844,43437361,12067278,15493558,13504806,12313878,11124358,17319328,377821,186078,0,186078,45111
11590,동작구,20251,81315848,38206700,43109152,11846990,14986916,13521878,12300108,11230131,17429829,377821,186078,0,186078,45111
11590,동작구,20252,80736012,37819324,42916690,11980419,15476612,13363336,12032228,11090800,16792618,377821,186078,0,186078,45111
11590,동작구,20253,79661310,37159107,42502206,11616290,14987502,13286991,11965917,11080732,16723888,377821,186078,0,186078,45111
11590,동작구,20254,79515540,37268798,42246747,11537342,15086502,13217055,11972038,11077004,16625616,377821,186078,0,186078,45111
11590,동작구,20261,79482451,37324384,42158069,11514194,14717320,13289248,12115602,11190983,16655104,377821,186078,0,186078,45111
11620,관악구,20211,134446694,65971999,68474698,14593725,30431346,25219472,19200349,16825108,28176694,494436,274530,0,274530,39922
11620,관악구,20212,132700751,65101102,67599642,14673901,30498803,24916432,18863982,16559810,27187829,494436,274530,0,274530,39922
11620,관악구,20213,131115281,64494026,66621255,14248583,29919063,24736654,18727166,16477680,27006132,494436,274530,0,274530,39922
11620,관악구,20214,131082455,64492664,66589788,14209250,30131053,24740090,18755779,16452187,26794092,494436,274530,0,274530,41669
11620,관악구,20221,133555803,65868404,67687393,14235611,31031668,25323051,19073624,16774864,27116980,494436,274530,0,274530,41669
11620,관악구,20222,132961364,65417621,67543741,14483695,31112959,25059667,18923504,16646537,26735003,494436,274530,0,274530,41669
11620,관악구,20223,129599475,63891705,65707776,13972146,30229832,24521200,18505607,16336379,26034311,494436,274530,0,274530,41669
11620,관악구,20224,129482971,63781425,65701545,13928385,30505188,24620321,18460420,16235668,25732992,489514,274530,0,274530,42296
11620,관악구,20231,130473709,64351128,66122581,14163224,30921289,24794007,18506194,16380236,25708768,489514,274530,0,274530,42296
11620,관악구,20232,129493663,63853144,65640526,14217116,31029162,24808000,18317835,16147241,24974320,489514,274530,0,274530,42296
11620,관악구,20233,128048888,63180085,64868803,14056252,30289990,24518325,18182478,16043159,24958681,489514,274530,0,274530,42296
11620,관악구,20234,128331304,63333869,64997431,13973562,30037224,24622512,18354585,16262034,25081394,479790,283003,0,283003,41055
11620,관악구,20241,129617250,63997255,65619992,13852900,30263409,24938771,18507785,16586423,25467968,479790,283003,0,283003,41055
11620,관악구,20242,126560306,62358096,64202210,13527345,30007695,24723911,18012815,15965087,24323457,479790,283003,0,283003,41055
11620,관악구,20243,125790782,61965102,63825677,13422911,29281978,24540210,17994640,16091860,24459181,479790,283003,0,283003,41055
11620,관악구,20244,126296710,62087873,64208838,13328421,29694612,24824610,18065687,16084420,24298963,479790,283003,0,283003,41999
11620,관악구,20251,126701990,62391493,64310496,13164469,29931707,24884685,18152724,16122898,24445503,479790,283003,0,283003,41999
11620,관악구,20252,125465870,61717205,63748665,13042008,29985537,24912480,17956762,15851766,23717313,479790,283003,0,283003,41999
11620,관악구,20253,124666367,61255146,63411226,12756722,29686532,24847426,17870480,15822024,23683181,479790,283003,0,283003,41999
11620,관악구,20254,124176068,61144068,63032000,12703120,29253675,24749844,17855618,15924050,23689760,479790,283003,0,283003,41999
11620,관악구,20261,126852941,62443232,64409712,12944571,30134249,25204259,18271564,16292677,24005625,479790,283003,0,283003,41999
11650,서초구,20211,98889992,47543421,51346568,15686481,13925565,18036698,18786776,13812758,18641710,424688,173212,0,173212,435344
11650,서초구,20212,99514663,47867470,51647190,16004602,14239666,18212276,18937251,13882370,18238494,424688,173212,0,173212,435344
11650,서초구,20213,97350301,46803811,50546494,16098435,13684829,17472641,18593962,13620404,17880018,424688,173212,0,173212,435344
11650,서초구,20214,99560676,48003023,51557654,16394614,14042926,18054571,19143669,13892908,18031997,424688,173212,0,173212,440298
11650,서초구,20221,98533123,47542155,50990970,16495570,13747165,17706860,18948657,13798069,17836799,424688,173212,0,173212,440298
11650,서초구,20222,100273561,48435499,51838062,16780843,14312057,18206513,19191747,13972549,17809850,424688,173212,0,173212,440298
11650,서초구,20223,97507226,47065381,50441845,16257078,14094272,17572590,18625684,13637742,17319859,424688,173212,0,173212,440298
11650,서초구,20224,97694528,47201996,50492535,16278160,13705658,17675639,18841690,13816365,17377011,400006,173212,0,173212,428329
11650,서초구,20231,98877798,47774990,51102802,16442689,14007934,17878327,19040838,13985414,17522598,400006,173212,0,173212,428329
11650,서초구,20232,97423943,47037442,50386499,16446503,13645803,17623642,18798494,13815346,17094165,400006,173212,0,173212,428329
11650,서초구,20233,96511523,46590382,49921143,16237193,13788882,17386779,18613566,13681168,16803933,400006,173212,0,173212,428329
11650,서초구,20234,96389405,46624258,49765151,16183684,13397732,17366861,18813059,13858237,16769845,406675,169277,0,169277,438371
11650,서초구,20241,96950094,46854684,50095413,16288082,13567324,17448306,18928396,13954211,16763778,406675,169277,0,169277,438371
11650,서초구,20242,96894500,46811948,50082550,16505403,13437480,17434758,18994834,13937160,16584858,406675,169277,0,169277,438371
11650,서초구,20243,96514229,46564596,49949633,16453711,13575812,17145798,18881266,13928582,16529055,406675,169277,0,169277,438371
11650,서초구,20244,97166785,46891054,50275739,16641500,13294497,17268633,19089593,14140752,16731814,406675,169277,0,169277,434315
11650,서초구,20251,96102660,46261744,49840916,16368356,13328499,17024589,18862725,14070359,16448127,406675,169277,0,169277,434315
11650,서초구,20252,95701285,46027386,49673901,16507546,13130658,16940425,18848456,14101654,16172535,406675,169277,0,169277,434315
11650,서초구,20253,97984416,46993672,50990741,16933096,13654024,17215832,19231285,14521221,16428964,406675,169277,0,169277,434315
11650,서초구,20254,97333966,46675975,50657994,17036881,13071184,16838204,19104304,14619508,16663888,406675,169277,0,169277,434315
11650,서초구,20261,99034837,47350268,51684570,17161186,13358309,17153703,19568066,14984919,16808650,406675,169277,0,169277,434315
11680,강남구,20211,140991432,68733893,72257547,21164498,23151390,29188177,27560909,17957337,21969123,538853,234547,0,234547,954818
11680,강남구,20212,143911386,70067251,73844129,21898166,23855755,29820586,27990878,18317490,22028510,538853,234547,0,234547,954818
11680,강남구,20213,138283459,67402291,70881164,21866632,22514985,27812714,27057759,17807419,21223950,538853,234547,0,234547,954818
11680,강남구,20214,141200008,68973033,72226979,21389843,23367962,29109697,27798355,18214189,21319965,538853,234547,0,234547,961080
11680,강남구,20221,140149202,68661995,71487208,22223683,22688732,28405734,27628312,18134017,21068731,538853,234547,0,234547,961080
11680,강남구,20222,146029634,71521123,74508513,22791666,24184125,30116443,28760972,18701628,21474809,538853,234547,0,234547,961080
11680,강남구,20223,144550789,70799314,73751476,23306202,24198590,29342028,28242473,18496797,20964706,538853,234547,0,234547,961080
11680,강남구,20224,143390287,70147872,73242415,22159562,23620167,29596542,28372896,18674090,20967040,522752,234547,0,234547,859741
11680,강남구,20231,145747419,71367594,74379827,23201143,23963001,29835465,28839090,18884891,21023839,522752,234547,0,234547,859741
11680,강남구,20232,144340912,70674861,73666049,23058870,23412804,29534784,28760875,18801947,20771631,522752,234547,0,234547,859741
11680,강남구,20233,145280450,70962346,74318106,23999034,23694977,29150162,28731293,18959802,20745178,522752,234547,0,234547,859741
11680,강남구,20234,142841191,69618111,73223077,22852699,22596180,28849225,28683803,19085619,20773663,539297,237639,0,237639,1011205
11680,강남구,20241,144673726,70525926,74147806,23946377,22821661,28742093,29045385,19217405,20900808,539297,237639,0,237639,1011205
11680,강남구,20242,143850163,70042740,73807421,23702798,22434167,28706658,29174133,19170348,20662061,539297,237639,0,237639,1011205
11680,강남구,20243,145164616,70667950,74496663,24713592,22914992,28335413,29230611,19345430,20624582,539297,237639,0,237639,1011205
11680,강남구,20244,144164609,70016299,74148315,23581920,22105112,28460487,29540454,19625211,20851439,539297,237639,0,237639,1079924
11680,강남구,20251,144606834,70170888,74435947,24327052,22100690,28279934,29600503,19632934,20665721,539297,237639,0,237639,1079924
11680,강남구,20252,142605324,69114946,73490384,23734024,21524178,27982874,29447217,19585349,20331684,539297,237639,0,237639,1079924
11680,강남구,20253,146525718,70957381,75568342,25046601,22351184,28400815,30055733,20030595,20640784,539297,237639,0,237639,1079924
11680,강남구,20254,141820494,68476136,73344362,23649980,20835794,27401656,29436408,19867175,20629478,539297,237639,0,237639,1079924
11680,강남구,20261,145387597,70197206,75190393,24722047,21203818,27921573,30292455,20327775,20919936,539297,237639,0,237639,1079924
11710,송파구,20211,127659467,59941548,67717926,21456284,17035891,22135310,20952331,18867355,27212310,667802,281764,0,281764,333962
11710,송파구,20212,126380933,59158853,67222081,21431678,16866502,21960893,20868343,18566254,26687254,667802,281764,0,281764,333962
11710,송파구,20213,125805499,58987396,66818103,21410641,16719795,21737223,20728618,18651502,26557713,667802,281764,0,281764,333962
11710,송파구,20214,125908617,59029400,66879216,21478114,16634174,21866926,20844879,18560036,26524492,667802,281764,0,281764,355699
11710,송파구,20221,126723703,59539563,67184141,21636736,16580797,22092676,20999115,18638662,26775715,667802,281764,0,281764,355699
11710,송파구,20222,126379572,59142343,67237226,21854960,16447594,22022963,21001684,18477200,26575179,667802,281764,0,281764,355699
11710,송파구,20223,123093054,57743413,65349646,21174845,16002060,21429643,20467303,18090625,25928579,667802,281764,0,281764,355699
11710,송파구,20224,122898987,57611546,65287449,21231869,15650858,21461225,20573745,18068190,25913111,629267,281764,0,281764,334132
11710,송파구,20231,123625227,58068765,65556468,21253808,15940209,21355014,20673270,18134704,26268235,629267,281764,0,281764,334132
11710,송파구,20232,120744535,56589062,64155477,20692068,15521184,20911499,20355568,17742376,25521837,629267,281764,0,281764,334132
11710,송파구,20233,120476999,56498809,63978186,20708809,15661121,20612631,20182563,17735772,25576103,629267,281764,0,281764,334132
11710,송파구,20234,122054903,57302441,64752467,21093189,15510645,20893325,20531303,18057086,25969360,653369,285415,0,285415,333135
11710,송파구,20241,124044941,58183321,65861630,21345457,15955370,21169995,20818886,18224577,26530662,653369,285415,0,285415,333135
11710,송파구,20242,120002853,56191086,63811775,20788835,15398363,20733147,20315750,17413302,25353474,653369,285415,0,285415,333135
11710,송파구,20243,120227254,56238003,63989246,20779014,15512329,20460626,20298365,17519714,25657204,653369,285415,0,285415,333135
11710,송파구,20244,120317055,56059205,64257846,20718733,15197695,20601758,20435913,17620080,25742871,653369,285415,0,285415,409883
11710,송파구,20251,119554130,55787175,63766958,20299973,15359825,20429396,20278586,17474136,25712221,653369,285415,0,285415,409883
11710,송파구,20252,116916193,54468266,62447927,19901966,14889045,20261371,19982380,17088282,24793153,653369,285415,0,285415,409883
11710,송파구,20253,117924355,54942216,62982136,20348718,15050985,20252294,20224660,17167556,24880135,653369,285415,0,285415,409883
11710,송파구,20254,117174489,54695186,62479302,20291117,14515290,20131177,20161774,17115138,24959994,653369,285415,0,285415,409883
11710,송파구,20261,119374863,55642045,63732817,20672264,14907720,20435898,20646770,17388033,25324192,653369,285415,0,285415,409883
11740,강동구,20211,109872658,51443253,58429409,18038659,13575884,17263645,17622553,16807781,26564140,459485,196139,0,196139,51602
11740,강동구,20212,109916401,51470384,58446019,18420544,13479645,17259141,17734701,16631070,26391301,459485,196139,0,196139,51602
11740,강동구,20213,112706631,52853572,59853055,18982208,13845547,17586931,18220623,17078118,26993210,459485,196139,0,196139,51602
11740,강동구,20214,111014832,51971591,59043244,18868154,13421043,17292398,17934673,16842913,26655646,459485,196139,0,196139,49182
11740,강동구,20221,110865616,52003853,58861766,18368882,13538549,17341143,17909191,16856842,26851009,459485,196139,0,196139,49182
11740,강동구,20222,109430590,50978632,58451961,18397523,13106991,16942101,17751131,16586401,26646449,459485,196139,0,196139,49182
11740,강동구,20223,107457749,50200098,57257658,17946261,12901719,16713859,17405293,16316760,26173863,459485,196139,0,196139,49182
11740,강동구,20224,107789372,50405499,57383875,18269135,12615812,16754767,17640621,16271664,26237371,398271,196139,0,196139,49664
11740,강동구,20231,108684954,50953639,57731307,18440339,12856057,16759432,17768939,16357674,26502506,398271,196139,0,196139,49664
11740,강동구,20232,106595820,49917803,56678015,18121472,12468236,16526407,17579254,16039816,25860643,398271,196139,0,196139,49664
11740,강동구,20233,106643791,49995629,56648166,18108874,12684738,16412001,17460950,15986237,25990992,398271,196139,0,196139,49664
11740,강동구,20234,107182677,50266986,56915689,18181336,12502822,16509722,17692554,16165140,26131109,456800,202602,0,202602,48912
11740,강동구,20241,108851671,51095963,57755712,18311461,12947956,16698906,17846113,16425644,26621592,456800,202602,0,202602,48912
11740,강동구,20242,105852073,49532010,56320067,17939316,12371254,16305212,17535132,15988113,25713050,456800,202602,0,202602,48912
11740,강동구,20243,106711346,50040123,56671225,18036783,12593343,16322713,17608668,16091587,26058257,456800,202602,0,202602,48912
11740,강동구,20244,107151778,50114177,57037599,18279627,12363801,16471454,17785682,16092089,26159131,456800,202602,0,202602,51554
11740,강동구,20251,108188960,50564679,57624278,18139971,12706622,16692770,17982212,16194794,26472586,456800,202602,0,202602,51554
11740,강동구,20252,105924754,49158604,56766154,17794314,12200904,16492964,17832835,15840552,25763185,456800,202602,0,202602,51554
11740,강동구,20253,105750738,49023715,56727023,17882569,12305767,16375149,17724960,15772857,25689430,456800,202602,0,202602,51554
11740,강동구,20254,105146088,48830044,56316044,17726889,11991065,16338902,17730529,15784820,25573888,456800,202602,0,202602,51554
11740,강동구,20261,106404602,49466579,56938019,17823376,12362331,16519201,18058645,15976930,25664111,456800,202602,0,202602,51554
